<?xml version="1.0" encoding="UTF-8"?><?xml-stylesheet type='text/xsl' href='_UpgradeReport_Files/UpgradeReport.xslt'?><UpgradeLog>
<Properties><Property Name="Solution" Value="Yatzee">
</Property><Property Name="Solution File" Value="C:\Documents and Settings\Primary\Desktop\Yatzee\Yatzee\Yatzee.sln">
</Property><Property Name="User Options File" Value="C:\Documents and Settings\Primary\Desktop\Yatzee\Yatzee\Yatzee.suo">
</Property><Property Name="Date" Value="Monday, December 13, 2010">
</Property><Property Name="Time" Value="9:02 AM">
</Property><Property Name="Log Number" Value="2">
</Property></Properties><Event ErrorLevel="0" Project="" Source="Yatzee.sln" Description="File successfully backed up as C:\Documents and Settings\Primary\Desktop\Yatzee\Yatzee\Backup1\Yatzee.sln">
</Event><Event ErrorLevel="0" Project="" Source="Yatzee.suo" Description="File successfully backed up as C:\Documents and Settings\Primary\Desktop\Yatzee\Yatzee\Backup1\Yatzee.suo">
</Event><Event ErrorLevel="0" Project="Yatzee" Source="Yatzee\Yatzee.csproj" Description="Project file successfully backed up as C:\Documents and Settings\Primary\Desktop\Yatzee\Yatzee\Backup1\Yatzee\Yatzee.csproj">
</Event><Event ErrorLevel="0" Project="Yatzee" Source="Yatzee\frmMain.cs" Description="File successfully backed up as C:\Documents and Settings\Primary\Desktop\Yatzee\Yatzee\Backup1\Yatzee\frmMain.cs">
</Event><Event ErrorLevel="0" Project="Yatzee" Source="Yatzee\frmMain.Designer.cs" Description="File successfully backed up as C:\Documents and Settings\Primary\Desktop\Yatzee\Yatzee\Backup1\Yatzee\frmMain.Designer.cs">
</Event><Event ErrorLevel="0" Project="Yatzee" Source="Yatzee\Program.cs" Description="File successfully backed up as C:\Documents and Settings\Primary\Desktop\Yatzee\Yatzee\Backup1\Yatzee\Program.cs">
</Event><Event ErrorLevel="0" Project="Yatzee" Source="Yatzee\Properties\AssemblyInfo.cs" Description="File successfully backed up as C:\Documents and Settings\Primary\Desktop\Yatzee\Yatzee\Backup1\Yatzee\Properties\AssemblyInfo.cs">
</Event><Event ErrorLevel="0" Project="Yatzee" Source="Yatzee\Properties\Resources.Designer.cs" Description="File successfully backed up as C:\Documents and Settings\Primary\Desktop\Yatzee\Yatzee\Backup1\Yatzee\Properties\Resources.Designer.cs">
</Event><Event ErrorLevel="0" Project="Yatzee" Source="Yatzee\Properties\Settings.Designer.cs" Description="File successfully backed up as C:\Documents and Settings\Primary\Desktop\Yatzee\Yatzee\Backup1\Yatzee\Properties\Settings.Designer.cs">
</Event><Event ErrorLevel="0" Project="Yatzee" Source="Yatzee\Properties\Settings.settings" Description="File successfully backed up as C:\Documents and Settings\Primary\Desktop\Yatzee\Yatzee\Backup1\Yatzee\Properties\Settings.settings">
</Event><Event ErrorLevel="0" Project="Yatzee" Source="Yatzee\frmMain.resx" Description="File successfully backed up as C:\Documents and Settings\Primary\Desktop\Yatzee\Yatzee\Backup1\Yatzee\frmMain.resx">
</Event><Event ErrorLevel="0" Project="Yatzee" Source="Yatzee\Properties\Resources.resx" Description="File successfully backed up as C:\Documents and Settings\Primary\Desktop\Yatzee\Yatzee\Backup1\Yatzee\Properties\Resources.resx">
</Event><Event ErrorLevel="1" Project="Yatzee" Source="Yatzee\Yatzee.csproj" Description="Your project is targeting .NET Framework 2.0 or 3.0. If your project uses assemblies requiring a newer .NET Framework, your project will fail to build. You can change the .NET Framework version by clicking Properties on the project menu and then selecting a new version in the '.NET Framework' dropdown box. (In Visual Basic, this is located on the Compile tab by clicking the 'Advanced Compiler Options...' button.)">
</Event><Event ErrorLevel="0" Project="Yatzee" Source="Yatzee\Yatzee.csproj" Description="Project converted successfully">
</Event><Event ErrorLevel="3" Project="Yatzee" Source="Yatzee\Yatzee.csproj" Description="Converted">
</Event><Event ErrorLevel="0" Project="" Source="Yatzee.sln" Description="Solution converted successfully">
</Event><Event ErrorLevel="3" Project="" Source="Yatzee.sln" Description="Converted">
</Event><Event ErrorLevel="0" Project="Yatzee" Source="Yatzee\Yatzee.csproj" Description="Scan complete: Upgrade not required for project files.">
</Event></UpgradeLog>