<?xml version="1.0" encoding="UTF-8"?><?xml-stylesheet type='text/xsl' href='_UpgradeReport_Files/UpgradeReport.xslt'?><UpgradeLog>
<Properties><Property Name="Solution" Value="Yatzee">
</Property><Property Name="Solution File" Value="E:\Lapbackmay\markProfile\Desktop\Programming\JohnsApps\Yatzee\Yatzee.sln">
</Property><Property Name="User Options File" Value="E:\Lapbackmay\markProfile\Desktop\Programming\JohnsApps\Yatzee\Yatzee.suo">
</Property><Property Name="Date" Value="Saturday, December 11, 2010">
</Property><Property Name="Time" Value="13:15 PM">
</Property></Properties><Event ErrorLevel="0" Project="" Source="Yatzee.sln" Description="File successfully backed up as E:\Lapbackmay\markProfile\Desktop\Programming\JohnsApps\Yatzee\Backup\Yatzee.sln">
</Event><Event ErrorLevel="0" Project="" Source="Yatzee.suo" Description="File successfully backed up as E:\Lapbackmay\markProfile\Desktop\Programming\JohnsApps\Yatzee\Backup\Yatzee.suo">
</Event><Event ErrorLevel="0" Project="Yatzee" Source="Yatzee\Yatzee.csproj" Description="Project file successfully backed up as E:\Lapbackmay\markProfile\Desktop\Programming\JohnsApps\Yatzee\Backup\Yatzee\Yatzee.csproj">
</Event><Event ErrorLevel="0" Project="Yatzee" Source="Yatzee\frmMain.cs" Description="File successfully backed up as E:\Lapbackmay\markProfile\Desktop\Programming\JohnsApps\Yatzee\Backup\Yatzee\frmMain.cs">
</Event><Event ErrorLevel="0" Project="Yatzee" Source="Yatzee\frmMain.Designer.cs" Description="File successfully backed up as E:\Lapbackmay\markProfile\Desktop\Programming\JohnsApps\Yatzee\Backup\Yatzee\frmMain.Designer.cs">
</Event><Event ErrorLevel="0" Project="Yatzee" Source="Yatzee\Program.cs" Description="File successfully backed up as E:\Lapbackmay\markProfile\Desktop\Programming\JohnsApps\Yatzee\Backup\Yatzee\Program.cs">
</Event><Event ErrorLevel="0" Project="Yatzee" Source="Yatzee\Properties\AssemblyInfo.cs" Description="File successfully backed up as E:\Lapbackmay\markProfile\Desktop\Programming\JohnsApps\Yatzee\Backup\Yatzee\Properties\AssemblyInfo.cs">
</Event><Event ErrorLevel="0" Project="Yatzee" Source="Yatzee\Properties\Resources.Designer.cs" Description="File successfully backed up as E:\Lapbackmay\markProfile\Desktop\Programming\JohnsApps\Yatzee\Backup\Yatzee\Properties\Resources.Designer.cs">
</Event><Event ErrorLevel="0" Project="Yatzee" Source="Yatzee\Properties\Settings.Designer.cs" Description="File successfully backed up as E:\Lapbackmay\markProfile\Desktop\Programming\JohnsApps\Yatzee\Backup\Yatzee\Properties\Settings.Designer.cs">
</Event><Event ErrorLevel="0" Project="Yatzee" Source="Yatzee\Properties\Settings.settings" Description="File successfully backed up as E:\Lapbackmay\markProfile\Desktop\Programming\JohnsApps\Yatzee\Backup\Yatzee\Properties\Settings.settings">
</Event><Event ErrorLevel="0" Project="Yatzee" Source="Yatzee\frmMain.resx" Description="File successfully backed up as E:\Lapbackmay\markProfile\Desktop\Programming\JohnsApps\Yatzee\Backup\Yatzee\frmMain.resx">
</Event><Event ErrorLevel="0" Project="Yatzee" Source="Yatzee\Properties\Resources.resx" Description="File successfully backed up as E:\Lapbackmay\markProfile\Desktop\Programming\JohnsApps\Yatzee\Backup\Yatzee\Properties\Resources.resx">
</Event><Event ErrorLevel="2" Project="Yatzee" Source="Yatzee\Yatzee.csproj" Description="Unable to save converted project file.">
</Event><Event ErrorLevel="3" Project="Yatzee" Source="Yatzee\Yatzee.csproj" Description="Not Converted">
</Event><Event ErrorLevel="2" Project="" Source="Yatzee.sln" Description="Error saving converted file: E:\Lapbackmay\markProfile\Desktop\Programming\JohnsApps\Yatzee\Yatzee.sln">
</Event><Event ErrorLevel="3" Project="" Source="Yatzee.sln" Description="Not Converted">
</Event></UpgradeLog>